Frederic62, Kenyon70@hotmail.com, N6fJKgQYgvLamMs 
Carlo_Fritsch95, Vernice36@hotmail.com, Uo2IcH0p8jxFooT 
Demarco17, Malinda_Abernathy19@hotmail.com, fwIChb6cMZPKGY2 
Althea20, Alysson_Lind80@gmail.com, 9Yu68q_McFH9tsw 
Jo_Beier56, Keeley.Barrows@yahoo.com, H29VHXEhXVpri5z 
Ova_Ortiz, Jedediah69@hotmail.com, vevwKca1hVeosRB 
Murray_DAmore-Towne39, Julia.Grant@gmail.com, tJjuyrUHC4bwplZ 
Price.Barrows, Jaclyn.Goyette-Schinner@gmail.com, 3bskJzj0cyCtWk6 
Jarrod.Lehner88, Miracle54@hotmail.com, jIZ2eBAu8sGxUuU 
Percy_Dooley, Rudy40@yahoo.com, ZwHZ2nvwFGYlQuX 
Mustafa_White68, Gregorio_Goyette@yahoo.com, NtW9DW9MEBeUKuo 
Nathan_Kuhn, Abigail_Lubowitz@gmail.com, GAPu7ixTR7RqXmM 
Torrey.Ondricka40, Furman.Stiedemann25@gmail.com, zUm6ABoV3UiYSaE 
Kristy2, Cole_Moore31@yahoo.com, 4Djb211d5duE4Yp 
Luther_Marks8, Odessa.Beier32@gmail.com, dlyanl71bF845HM 
Gail.Padberg-Littel63, Itzel.Kerluke@gmail.com, cvLUsEnqrBMR7jt 
Minerva12, Grant_McDermott@gmail.com, l4yAYngCAwIx2TY 
Curt59, Yvonne43@hotmail.com, 7fF2NVB6i9IfMu3 
Eve80, Natasha_Kohler@gmail.com, XNF8CUOO7kh1JA6 
Kitty.Swift, Cristina.Dare70@hotmail.com, hhG9grb7mByDCxj 
Augustus_Wintheiser, Blanche_Larkin39@hotmail.com, FnuHf_VcHqG4zKU 
Brannon_Schaefer7, Jayda.Nikolaus46@hotmail.com, yD0acTQcMDnRhbT 
Carli_Connelly37, Lina.Haag@gmail.com, CQTUhNevkmo16Vw 
Isadore.Gleichner, Aniyah_Bradtke@yahoo.com, kyPVgdCI908j1z9 
Carolyn8, Tyshawn76@yahoo.com, ubROTGfFte6qRdz 
Emil.Durgan0, Zoe_Gottlieb39@yahoo.com, 9RaZcm1wRBLRIpy 
Enoch_DAmore27, Johanna.Schmeler@yahoo.com, on7yzxfjsMQBcxn 
Kristopher28, Branson_Dooley26@gmail.com, ESiLUc4KzSAZc_a 
Willa.Grant4, Jennings60@hotmail.com, xz4A_vpCqbSxYgs 
Leone.Kreiger, Myrtice.Ebert1@gmail.com, iXdbnG1pr7VhsyV 
Maida_Moen51, Mireya69@hotmail.com, YBPaw3hoT5dK7Jw 
Javon_Hodkiewicz65, Catherine.Crona5@gmail.com, aLCbDYTlQ2Pbpg9 
Aileen.Schmitt, Joanne54@hotmail.com, qGPrNpgV4t96ohc 
Danial19, Bryon22@gmail.com, JFgX0IPdi8BS7bg 
Isadore_Langworth25, Julia_Yost@gmail.com, z_FWT_JS2inXL2F 
Jamarcus49, Ulises11@hotmail.com, v273czRpipUV0Fq 
Dorthy22, Orlo_Konopelski-Bednar@yahoo.com, ZfkeDd75UgcYiI7 
Sebastian90, Ocie_Lubowitz84@hotmail.com, CiZIBb8fazeiIg5 
Emmalee_Pacocha, Davonte44@yahoo.com, AedxURiGzqjKxVH 
Roberto.Friesen13, Jana98@hotmail.com, cr50wly2sFUzN0e 
Rylee_Kris, Susie6@gmail.com, MAZuLR0qqj4DG5K 
Georgette47, Reid54@hotmail.com, LDvfRvobXt5b173 
Bernard.Ferry8, Demario_Goldner47@hotmail.com, wRMApYZJuG0W_wB 
Jodie.Gutmann, Maude32@yahoo.com, voOIcZUyPlOBHRV 
Sandrine_Dach, Barrett83@gmail.com, hPmQhr9_Mtkf36n 
Ally_Powlowski77, Rowena3@gmail.com, 1KERrPq6IeeVbB2 
Jerome_Roberts6, Junior_Trantow99@hotmail.com, 1R6S1uaYRWFeDMD 
Delta10, Bryce.Hintz55@hotmail.com, oEkKSlQgDGM6BiJ 
Willy_OReilly, Erna22@gmail.com, 6RBqn3DupFJKzSr 
Devonte.Watsica3, Mazie.Stanton56@hotmail.com, cJWJkvzQnsFAZzn 
Erick_Corwin71, Palma48@gmail.com, xLjJPLpYYpS7u5_ 
Gust2, Rebekah.Mertz@hotmail.com, HnKSpJuXDbYSPcG 
Clark_Wuckert61, Zachary_Kihn@hotmail.com, 6kcpwnGtkgw3Pm9 
Ari82, Marietta56@hotmail.com, 0n0aEIn3tt7gSJ_ 
Carole_Beer, Christ26@yahoo.com, JIQjfSHewpM2vVi 
Isidro33, Emmett8@gmail.com, JTy7KDBJujgpQmm 
Wilhelmine14, Verna_Toy67@yahoo.com, 9_ioMym2FWQW9F4 
Cyrus83, Raleigh68@gmail.com, Mdvb5AWCqN0XALv 
Sim33, Aileen_Mills@yahoo.com, RhNQmgXniFHGjDd 
Addie.Gottlieb, Ruthie_Satterfield49@gmail.com, 75kJEI_YsTtMCc8 
Reba2, Orville_Schulist50@gmail.com, Dz7z_ieASsJkZPh 
Karli54, Delaney12@hotmail.com, r4wURrYNUbLwwhe 
Amy.Rogahn-DuBuque, Nicolette59@hotmail.com, 5nfTdrZ5nB8i37p 
Odie.Thiel53, Kariane.Cremin@yahoo.com, BuPhjzHBSESdQxx 
Fausto43, Camille_Hayes@hotmail.com, dcWKOjKfKgaV8vK 
Beryl.Gorczany48, Henderson76@yahoo.com, 7wtD8OrIQ5Fc3o7 
Mason_Price, Danika.Paucek48@gmail.com, IWaFOD0rQL6qqBb 
Domenic35, Vince.Brekke53@gmail.com, 51JowiJguOnmrr6 
Ignatius_Wiza52, Penelope.Barrows65@gmail.com, GU5VPaXGRGonMsI 
Claudia.Hammes, Lucy_Funk-Larkin@hotmail.com, VTxnZ9TRYtO_jBC 
Leta_Barrows80, Elmo50@gmail.com, BV983bionV16Sb8 
Jo.Lesch4, Gerson23@gmail.com, rigjfCiMAgEXBPr 
Murphy.Schroeder, Darlene_Christiansen@yahoo.com, aUjf5puPUCyXQNO 
Royal_Watsica, Golda_Schneider7@hotmail.com, D22YAOh0x9NB2Fc 
Ethelyn48, Derrick61@gmail.com, Pu_TAnvZMwhHE3y 
Yoshiko0, Gertrude_Rolfson@hotmail.com, kuMRT7MW_fjbX2p 
Gina40, Nina.Krajcik@yahoo.com, l5MUBc3VmLMYNN4 
Brooks.Becker, Clementine.Murray@gmail.com, _B5E3cJedZHcQCn 
Blake.Brekke62, Agnes_Klein@gmail.com, 2nVgIJODID6LBBM 
Gerardo.Mueller54, Marcos.Wolff51@hotmail.com, nSzGJ6TEGmtw_Ym 
Abbey_Herzog, Jarrod_Olson@gmail.com, u3_sL7qkh1h28ZW 
Reid.Bechtelar9, Olin5@hotmail.com, bv9KMX6iidXCRn8 
Clare.Nicolas, Milford28@gmail.com, UtZdvMci8JjHj_5 
Franz_Ondricka55, Flavie.Casper-Zulauf46@yahoo.com, M86hMxCFJa_TiZE 
Ocie_Graham, Kaela_Towne@hotmail.com, 2Kgbuwd_493Wg3U 
Sienna84, Johan_Klocko@hotmail.com, _zGubDGLr5xGCwy 
Wilmer_Stiedemann, Brown.Bailey21@hotmail.com, ZTPvZIPZbHYMLfc 
Sage.Hauck, Kaylin.Fahey@yahoo.com, JiFjLgp4aXQqwnP 
Candace.Abbott, Wilton_Dicki-Hyatt37@gmail.com, JodW_HaVM1ubRhu 
Agustina.Ruecker, Carleton_Gislason-Collier@yahoo.com, rzxvkm8OvXJh4Zs 
Vincenza28, Theron26@hotmail.com, udyF1DkmpVFW2KY 
Kenyatta_Bradtke, Pauline.Buckridge20@yahoo.com, olBeAu4jbRIgvqI 
Dulce_Moore, Dena64@gmail.com, k2TVLJZRQnVqBmV 
Ila_Parisian, Alexander_Lowe45@hotmail.com, 775h4GANrQIcVpR 
Willy.Smith, Marshall.Kutch60@yahoo.com, eXqeZRpb9Kvw0hR 
Eriberto_Miller33, Laurie50@gmail.com, 9a71GlvxVFqbtFM 
Blanche.Cronin57, Dortha.Cummings34@yahoo.com, V4_fEabjf03chrU 
Marcella_Moen93, Kaycee58@gmail.com, EOLqmc81xbB2DiC 
Mack4, Leola_Jacobs31@gmail.com, Ip4RPpvd_krXv6K 
Ettie_Hilll49, Adela.Mohr91@yahoo.com, YRf2LEC0tnS6CyZ 
Guy7, Marc_Bahringer@gmail.com, nddUcx_NfuNFfYK 
Ericka39, Delia_Kessler53@hotmail.com, Ar5TOB42WBRWrCB 
Jamil.Prosacco, Kurtis_Sporer@yahoo.com, vwk27pHcRWHTkoN 
Gilda.Stamm, Ed32@yahoo.com, EUONKcw0cvXqBNC 
Mable_Cummerata52, Broderick_Bashirian22@yahoo.com, H0qbASH96jIHR9v 
Yoshiko.Goldner, Jarret_Mueller@hotmail.com, t1ff23kgipxQLi9 
Maria.Roberts, Schuyler58@gmail.com, i75cHwG6P3ArNh5 
Margaret25, Zula52@hotmail.com, ged16Rf7SLAEUXg 
Zula34, Joanne_Douglas@yahoo.com, oHpsikaLilUKoPn 
Daniella40, Shanel33@gmail.com, AbFuhetP6qJrw8Q 
Gilberto13, Adela52@hotmail.com, 3dVw3Vle6bfJg_a 
Jacynthe66, Verdie.Keebler5@yahoo.com, 2hDxvs8LDeo95oF 
Lilly_Roberts51, Jermain_Kiehn@gmail.com, l3Gw5pPuIdJFAJt 
Elda.Graham67, Lucie_Wolff@hotmail.com, g7OAUDJ_dQxMYd7 
Connie.Shanahan, Karolann68@hotmail.com, QyJ7gsXc26OQdla 
Tracey97, Maribel91@yahoo.com, l4Tc8namr4aRHpq 
Leonora73, Breanna.Johns89@gmail.com, B7iqVozw9XDMNnE 
Eveline.Flatley, Keira.Emard61@gmail.com, 4F70KBkyjspU25O 
Jazmin_Pfannerstill13, Dion37@gmail.com, gDGK3s4LRPv5wPW 
Xander.Koch, Talia.Christiansen76@hotmail.com, HrpfDZ9dCT3nUBj 
Theron64, Quinten.Baumbach80@yahoo.com, mYkLtbmibU9XQr7 
Milan_Wuckert-Kuphal, Adrain_Herman@yahoo.com, 0FrjU3nyYILZsvI 
Jillian26, Aurelio.Weissnat69@yahoo.com, aZarARbQiN7VGDz 
Keenan.Mertz89, Tavares.Hagenes-Nienow@gmail.com, BB2YaalLOZSRT1m 
Joy46, Mya.Schimmel@hotmail.com, kG3I5DWANy_ik1F 
Dane99, Brenna50@yahoo.com, _6yOorypLtiWTPB 
Lorenz.Hayes94, Tina.Schinner45@yahoo.com, L4Thn1uUVVJdp7I 
Milo.Bogisich, Jaquelin.Rath3@gmail.com, nUVtHXOFfPNJZXO 
Twila95, Ava50@gmail.com, bo1wiCxrPPKQEfb 
Ollie.Blanda, Hyman.Fay0@hotmail.com, q8nK4Ke70IxXP14 
Xavier_Cassin, Davin_Shields53@gmail.com, ul17t6kSviEnoEd 
Ashlynn.Mitchell46, Deondre.Metz@yahoo.com, JGmbSbdf2Weo1o4 
Jevon_Stroman, Erling_Kassulke93@hotmail.com, VjQ74AItJLAyv8k 
Lorenzo28, Rosalyn.Rau10@hotmail.com, evKiJhLtU3hPsZr 
Octavia.Hagenes33, Kade_Jakubowski60@hotmail.com, pzlK44jO9ipiGD7 
Nicklaus65, Americo53@gmail.com, Imfg7EYM6lbXYh1 
Toby_Kertzmann, Hector_Ruecker48@gmail.com, jeNUwdMKHBqjx3M 
Arlene_Murphy50, Delphia_Kuhn@yahoo.com, ggdQT_ngrCWrNTz 
Brigitte_Donnelly28, Cara_Beier37@gmail.com, FpwjL1pBcYrS4ys 
Magnus72, Florian.King@gmail.com, Ur2l01VKLWW9VbT 
Merritt66, Salvatore_Satterfield@gmail.com, zeA6L1XBabdX5TN 
Gust98, Rylan31@hotmail.com, BaL3aaB4zKWp48j 
Claudine_DAmore, Ardella9@hotmail.com, qpNSn0iPl4uazi4 
Sid_Kuhic, Solon.Stiedemann@hotmail.com, zx7Vx30UY218Flm 
Mertie.Lynch47, Ernesto_Moore13@hotmail.com, d3kMBcTs0sSQU9z 
Vivian_Gislason, Chesley.Kling@yahoo.com, 5oXVr3cQdmHPZmq 
Selmer42, Dorothy.Hodkiewicz-Corwin@yahoo.com, HkYvILRtmwkQgQh 
Reva_Cole, Mark.Huels@hotmail.com, Hc13D6DddWqL1YT 
Howell_Kassulke-Ryan, Sage_Hilpert42@gmail.com, ucHRfBzWGnARjsd 
Salvatore48, Royal99@hotmail.com, n8MQdedqtI_wSSC 
Don11, Adrain97@gmail.com, f6ZkJlQ4Xzb51zB 
Luciano_Feest, Izabella.Schimmel48@gmail.com, cjTpQ0SzVg1OROy 
Justyn9, Jermaine_Huels77@yahoo.com, C51ILq8GWEtPBaS 
Cameron.Dooley40, Murphy.Rogahn@hotmail.com, RLVglPHgNE8rnNc 
Earl6, Ivory42@gmail.com, IVIm4BYVIh5Qby4 
Johanna_Jaskolski84, Sunny.Graham11@hotmail.com, sk4IhztOScpCiaL 
Joannie13, Alfonso10@gmail.com, _MNuBUhjx2nhRpJ 
Kamren_Balistreri, Ike.Weimann66@yahoo.com, hgoRCcjCBV7jCgc 
Syble_Brekke11, Meghan52@gmail.com, 52w68i3Q7S2Pojq 
Selina_McGlynn13, Jarred_Torphy@yahoo.com, SLab5B1Jw8RJw3Z 
Domenica_Goldner89, Dakota.Wisozk81@gmail.com, leTDZQt_hqQ26sD 
Jesse_Kozey7, Ignacio43@hotmail.com, IDNqHsvmR93iWSU 
Ramiro_Schneider, Dayne.Nitzsche@gmail.com, e46KXg9Dym6_gd_ 
Jimmie_Koch35, Alycia.Ritchie98@hotmail.com, 0QSN799Nks0XEo4 
Dillon14, Clifford_Leffler-Mitchell@hotmail.com, j_CimEAeNki8Vms 
Dangelo_Wiza1, Crawford8@gmail.com, d_h8mflVjBRtSIv 
Glen.Goyette93, Donny.Barrows84@hotmail.com, rZJ_BKGxPLdyxnB 
Margie.Luettgen, Celestine.Vandervort@gmail.com, 7o2e9l24ggcvA2w 
Alfred46, Andy53@yahoo.com, vPUObq0zWUHjrVU 
Tess_Kris, Kacie.Zemlak37@hotmail.com, tMjMLRqby2pA9Qu 
Ruby_Hessel, Alexandro31@hotmail.com, lQMfTvc_8nZVRZJ 
Grayce_Crooks17, Arch.MacGyver81@hotmail.com, jC1T4B4O88jVqgc 
Chad.Witting64, Haleigh_Jenkins19@gmail.com, XRwJnj6xc8RhY0H 
Wendy_Marks, Malinda.Franey92@hotmail.com, Nhv5oQzExDSX90t 
Johathan65, Doris.Kozey@yahoo.com, i9iGVw9cEiRawTt 
Braden_Kohler, Theron_Lakin@yahoo.com, 5pKYI461IZwTVw_ 
Catherine_Schroeder, Ila45@yahoo.com, LgFtPtbUpCAziVr 
Camille78, Susana_Krajcik72@gmail.com, ULLHfGjXpoUetDc 
Leonard_Schmitt, Marcelina1@gmail.com, pyHxUPsRnh2ELJW 
Cleora_Blick10, Aubree_Greenfelder63@gmail.com, ok4mwqqdLR76HK0 
Leatha.Osinski-OConnell, Sandrine_Runolfsson21@hotmail.com, d8uNPxkRnccQXf0 
Hillary.Brown10, Kendra.Reilly3@gmail.com, V3U9j5iu8JYcwrK 
Lydia32, Oral38@hotmail.com, 3pbE4YbUvoDuggi 
Brigitte64, Adolphus3@hotmail.com, 43ixqTIoc6KKMQ1 
Sterling.Lesch, Mathilde21@yahoo.com, Ts9sulfNsP3kUTZ 
Price95, Steve56@gmail.com, 2Q4ZIauU90djF_4 
Quinten.Becker97, Elta_Huel23@yahoo.com, x53UFeRQAhXnleM 
Carleton.Ziemann, Arvid.Hodkiewicz76@yahoo.com, 875tcWdWcNwX7Y4 
Leonard.Parker6, Camron75@gmail.com, xpFEgUMvmCNVoFZ 
Philip_Feest7, Brooklyn_Funk75@yahoo.com, ZcrCQqKEgvrnE1I 
Wilton.Wuckert80, Werner.Gerlach87@hotmail.com, 8JbCJ1VTlmx2f_S 
Katharina.Lemke, Wilton97@yahoo.com, p2BRnXS2KEwsKnV 
Emerson10, Velva.Runolfsson@yahoo.com, eU86pOsSrbB1H5i 
Dangelo.Cummerata53, Laisha.Powlowski65@gmail.com, iXN7ZThxtMXKf8y 
Ella_Johns, Zaria.Emard@hotmail.com, KxTQRmOb2sH3iWI 
Belle18, Aiden_Kunde@gmail.com, 6E2lCv8blGX4NcQ 
Kathryne44, Franco_Gottlieb@hotmail.com, SNTaUJToEuB885j 
Clay98, Elyse_Armstrong36@hotmail.com, DCB67QHoRDIkSOJ 
Rachel_Roob, Eda50@gmail.com, Zk2xWUjo9Q2iVF4 
Murphy_Monahan, Celestino_Gutkowski@gmail.com, U3kfjI2kEx98V5q 
Sibyl.Windler, Amely.Cummings@yahoo.com, IN7sefIhrUuLWHZ 
Holden.Farrell29, Virginia39@hotmail.com, XSvYN9J38EyGJTU 
Karine_Krajcik, Jennie79@gmail.com, DjxtEtiIilcJLKJ 
Hettie_Kreiger34, Myrna.Ortiz87@yahoo.com, r9dLxMvcBuuhNLo 
Rashawn.Streich68, Telly33@yahoo.com, FDE0pWvoU5NDhFu 
Dominic_Tromp, Connor_Kuhic-Olson43@hotmail.com, fbKEXPtAA6xRYAq 
Kris.Dietrich7, Herman62@hotmail.com, RDhAD63j9v5AX_5 
Johnny_Jaskolski, Sabrina.Corwin43@yahoo.com, HmXiCtoYteIbPmq 
Ryleigh_Bauch, Noelia98@gmail.com, itjUw0aGWV4ymoA 
Theresia_Fritsch, Maegan64@yahoo.com, wVfxwrx9ZHL6oGQ 
Arch_Murazik, Jaeden_OConner@hotmail.com, qWTY0ToULYrpagH 
Else.Hartmann, Kelsie.Waelchi@yahoo.com, xJoBb5hHcjCerts 
Dimitri_Homenick5, Kris.Kunde66@hotmail.com, PG6UWN6OtDhTvqc 
Osborne69, Abdul_Reynolds38@gmail.com, m0cHksnydW9O3CV 
Rogers_Purdy, Wyatt_Moen98@yahoo.com, 7O6WMp_G9vLMXzk 
Leora.Hermiston, Erna.Dooley@yahoo.com, SAdrOiJeWijhCGy 
Lee.Steuber90, Marilie_Stroman-Stokes60@hotmail.com, T4YwNgN4eNZK_OR 
Domenic10, Bryon.Hickle@gmail.com, M2vg6279AoP20_s 
Kaelyn67, Jalyn_Collins9@yahoo.com, 8CelSqBa7KRpZcq 
Deja_Johnson81, Myrtle_Schoen@gmail.com, qE3IgoEwY64VvMS 
Cyril98, Lavon_Kshlerin@yahoo.com, tqsAvRacsHVrDOm 
Cordelia.Mitchell41, Henry_Koss@hotmail.com, 3LTKLA5W2FGhKSj 
Meagan.Will81, Tyrell_Cremin@gmail.com, 4ej5zl_6rvcIOTp 
Emelie69, Wilmer_Volkman-Willms@yahoo.com, MG9D2nkqpeiwOPy 
Marisa23, Anabelle.Senger@hotmail.com, YXkqQKBh53xoZ3R 
Chyna_Larson, Dannie.Medhurst72@gmail.com, RLq7Bpay7AztFcf 
Chaya_Collier-Boehm3, Johnpaul_Parisian54@hotmail.com, RYWGKlMkFynBiZJ 
Erwin_Adams, Alda_Littel@gmail.com, HwUJczSiEphr2Ca 
Aaron_Murphy, Colt.Hudson@gmail.com, Q6jEUOfama4Vqz9 
Bernardo_Goodwin93, Julius54@hotmail.com, 6ZoaNrWpotIbG5e 
Lisa.VonRueden, Magnolia.Zboncak81@gmail.com, X0ypZzIadTXvChD 
Phoebe_Lemke9, Pietro8@yahoo.com, Porl8QkHLCheP1B 
Edgar.Stokes10, Garnet_Ratke76@gmail.com, wZ4g95Tt8gDi0Ek 
Kasandra98, Trevion62@yahoo.com, zodIeIsFF4OaA3J 
Jordane23, Orrin.Paucek39@hotmail.com, hWXLNoHs5zQ7A01 
Felipa_Kessler, Rupert_Sanford68@yahoo.com, M1NvLVNmuaOUK4R 
Aaliyah31, Rocky_Bernhard43@hotmail.com, U262MNZNU9IITfG 
Kaitlin_Reichert33, Fay94@gmail.com, EwJSvNOCxEcIsXa 
Alf_Purdy69, Leopold.Marvin@gmail.com, cV4Vnc9DzPg1GEl 
Alva.Cremin, Marina.Lockman@hotmail.com, 6ok7ibkAgKA8VXm 
Ocie_Hills, Macey.Klocko26@yahoo.com, WsyTRFTbJtKGvbf 
Van.Trantow, Rachael.Christiansen99@hotmail.com, 6_WwCA4e4WdxDDB 
Nicholas.Christiansen, Agustina_Abernathy18@hotmail.com, ixHjua8_19sFY1N 
Brandon.Connelly9, Marlin.Torp@gmail.com, 9FCwIALOKnYy03W 
Mathew_Turcotte, Morgan.Zulauf@gmail.com, 4ESKWzQERX3wuBH 
Reece25, Madyson_Little3@gmail.com, MDIbAO0Lwn0aPpV 
Bonnie89, Josiane7@gmail.com, rkUGHS9qBuXsDa1 
Kenna_Haley, Jensen.Weimann57@hotmail.com, AIADTlkwsf5te8P 
Jaylon.Harris31, Elenor_Bashirian@hotmail.com, FRr8u1NMn4MKEpM 
Jaclyn5, Esther.Bailey99@hotmail.com, AbZnfnB8FM2qPCv 
Lindsay.Morar, Estelle81@gmail.com, POkUsKzaFEtzpeA 
Abigayle18, Johathan_Reilly@yahoo.com, MvImgDZT5imS2pl 
Randy_Wuckert, Dora_Borer@gmail.com, HDXbe9C5MsJQw06 
Lamar_OHara35, Mack_Hartmann46@gmail.com, GEkleM8aCMIkzzV 
Eldon73, Cordia_Vandervort32@yahoo.com, oAyK3ZFnhG8PAqt 
Norbert_MacGyver, Carmella_Daugherty23@yahoo.com, QlIfBwCIxcHX0xL 
Torrance.Kshlerin, Alycia_Dicki70@hotmail.com, n1LlUYwmuQgMvMH 
Sheldon_Hettinger47, Yasmine_Jenkins@gmail.com, QoKrjIYUX4kyQqE 
Nedra.Lowe92, Tad_Wintheiser38@hotmail.com, XH4luufkPccKNcq 
Marcus_Bruen-Mann46, Nakia48@hotmail.com, NCmz9qCmBrRsIup 
Hobart.Lebsack, Vivian.Gleason@hotmail.com, rBahLXRElYcH_Em 
Brent.Feil, Eryn.Franecki49@yahoo.com, 5WN89QdkhVp3DlU 
Jaren0, Reggie84@hotmail.com, PZyc3XxogdVUYbw 
Imogene29, Randall62@yahoo.com, JPILWmsCQV48O32 
Michelle.Wiegand, Miguel_Johns77@hotmail.com, SdnVirFpVCQqgUv 
Briana_Baumbach93, Elsa_Roberts42@gmail.com, nGSEgK9sdFQVkC2 
Devin_Huels, Ellis_Abshire67@hotmail.com, 60eg8yQDE3yLId9 
Tito.Raynor50, Estevan59@gmail.com, eDUOFOwLuhrUGCd 
Damian.OHara, Maya.Ernser46@gmail.com, pxJ4WpzPPvbTwoH 
Darron.Christiansen37, Jerad_McClure@yahoo.com, mJN65wuPspBjKKz 
Clint77, Velma57@yahoo.com, UAI4zEYOdXlDsh0 
Jamie41, Lowell_McGlynn@hotmail.com, lkQhbRG2o_2UKr7 
Libbie_Stokes17, Grant_Purdy8@gmail.com, 3QGJ08slKLRqFBg 
Yadira.Muller99, Ramiro_Reichel@hotmail.com, OashZzWzC1gzUdZ 
Santa.White-DuBuque, Dell41@hotmail.com, tBBwkeQwXwNopTJ 
Pat_Heathcote, Loraine_Daugherty@yahoo.com, RtKn8qS9zJZEbdI 
Brandon_Rolfson23, Darien42@gmail.com, Twtx3pvetBisUoM 
Maribel_OKeefe34, Gus_Borer@gmail.com, NnzZy1VhNDe6MsI 
Katlynn.Trantow96, Jarod_Bergstrom60@yahoo.com, yR6vYzTBrItJ9Jv 
Sofia.Schmeler38, Schuyler_Runolfsson19@yahoo.com, PV3DPIofQWOcTH7 
Nicklaus.Abbott, Lucas_Stamm-Yost65@gmail.com, GlSpCL8aMAb40xt 
Duane71, Leopoldo_Cole13@hotmail.com, f7P6NMhLN0AkN4N 
Rhiannon.Schneider, Jayson.Wiza@yahoo.com, Z1e17bmxlQu4lTi 
Faustino_Simonis-Heller35, Frankie_Altenwerth@gmail.com, aT8V8cURw3nlcnv 
Arjun_Upton, Brook.Price73@yahoo.com, 2AwjATxle9SVezy 
Trudie.Weissnat31, Rita73@yahoo.com, qCqiLnBRri_wH_M 
Concepcion72, Jan16@gmail.com, OLAmqzm3xp6HL99 
Marlee28, Hattie.Wuckert@hotmail.com, g7E2kHEvdwuhO25 
Sallie_Wilderman40, Brennon.Beier@hotmail.com, gsq8GmDe5A58dZm 
Chasity_Nikolaus, Arely10@yahoo.com, WXKwKLXQUdd13bQ 
Aletha6, Rowena.OKeefe@hotmail.com, DcaXzBjW7huLZsW 
Frederik.Bashirian41, Marlen.Kunze@gmail.com, C7BM0fayuYY4QjR 
Lilla.Borer, Evalyn_Dooley@yahoo.com, dIBhuYRzJi9rIRf 
Gino9, Samson29@hotmail.com, nQlJuRuJuHQuxvf 
Neal_Prosacco60, Rafaela79@yahoo.com, xHrhZa0UANjK_f6 
Elwyn.Dickinson98, Amir_Schroeder28@yahoo.com, 2U0mpLsuscbOPN5 
Maegan.Champlin20, Esmeralda69@hotmail.com, SOTT7wyYbO4cYFH 
Carli_Hansen-Ryan, Boris11@hotmail.com, NvOgOt_nPwd921l 
Bridie74, Grace.Kozey@gmail.com, 8CBtldRtsCVCvJs 
Mireille_Haag, Herminio_Bednar-Beahan78@yahoo.com, A2fs5x4zj2_chF_ 
Victor_Jaskolski, Dedrick_Donnelly-Kuhn37@gmail.com, TweRpxFks7um23D 
Mariane.Ondricka24, Fernando_Marquardt78@gmail.com, zghZkyQW_F5Zsqv 
Evelyn_OConnell9, Micheal.Torphy@yahoo.com, hK77wcODpa3NqVF 
Damon_Braun, Albina.Ondricka24@gmail.com, Ch6WM6QygpFni_X 
Kale.Tremblay, Verlie26@hotmail.com, vP77hh1AUzjeFAS 
Edmond_Crona93, Delores.Maggio47@hotmail.com, Ik1mxQAtZlHdrcc 
Amelia.Parker, Sigmund_Yundt@gmail.com, DaJEec9lrUy3bNZ 
Princess_Robel71, Ruben83@gmail.com, vRonajSyefIi95x 
Jaunita96, Maymie.Predovic34@hotmail.com, bixboaRbXmidxNg 
Rodrigo_Windler, Jerod_Howe51@gmail.com, H579WdM8i4DOUC3 
Violet.Kunde62, Abbey_Barrows70@hotmail.com, wmvpugPyMCWx8kZ 
Garret62, Dennis_Rice23@gmail.com, bQE_ZZNTzAiorIp 
Zechariah_Brown-Keebler, Isabella.Goldner@hotmail.com, KqdqW94UtTOMB6G 
Lessie_Hahn83, Deangelo.Denesik85@yahoo.com, DfvqSHC4nGIm57R 
Owen_Feil17, Mateo_Feeney56@gmail.com, JMcnGib1L1zRWHj 
Amely_Mann, Jerome_Lebsack6@hotmail.com, Ytwihd9XxvbRp9p 
Jeanne26, Deborah26@yahoo.com, GPL6kbrL5W0gU0G 
Jo59, Anissa_Veum@yahoo.com, IuktkU4fdJnd5kJ 
Marilou92, Elbert54@gmail.com, Bu9xcv8nHJSgi9j 
Andreanne.Braun, Mervin_Powlowski@hotmail.com, xZ5Ld7v46sPbC6J 
Treva16, Roy_Connelly11@gmail.com, 61gtZ4u2Z909J1S 
Freeda_Stiedemann5, Rosalind.Durgan@hotmail.com, SA4zzJ4DmajKFm1 
Anais.Lind, Sigrid95@hotmail.com, VYgGoQz8LFRu83A 
Casper66, Doris_Koss@yahoo.com, 2DErUvz341jBqj7 
Karelle.Hoeger, Damian.Herman@hotmail.com, j8GBInJFztl5fZo 
Nina_Windler, Shaniya70@hotmail.com, ZDmbesfJnQy3zuY 
Ralph_Douglas, Dewayne79@gmail.com, Qe3w5amDDifm2uj 
Jayda.Langworth, Rudolph_Nader@gmail.com, Bc7aTXGjSJG6vaE 
Sydney_Stokes44, Aurelio_Stoltenberg93@gmail.com, tzWTudPqyLQhO8l 
Helmer_Jacobson, Ryder28@gmail.com, 52cic1WeHnJPWQ3 
Alanis.Medhurst, Kassandra.Dooley@gmail.com, rKbuKqJwRrCcqyl 
Holly17, Abdul_Considine7@hotmail.com, fRHXutpgy_Pjube 
Grover_McLaughlin15, Virginia.Boyer94@gmail.com, rc_4myglvojYXao 
Juanita.Schuster, Creola.Herzog@yahoo.com, 34izHDVFQDJooh3 
Emily.Kunde, Howell.Schneider@gmail.com, BbqEzY0cwbNL5ll 
Otis_Deckow, Bryce34@yahoo.com, JWJitFEYJN1eOsg 
Lucy.Fay22, Leora.Murazik@gmail.com, 4V7N9jlfRSoRkQh 
Eduardo64, Chasity_Beer26@hotmail.com, Oe0zfF6fMzqPvW_ 
Katelin.Goldner1, Sven29@yahoo.com, ayQXj3jgwoIEMuD 
Milford.Nicolas7, Armand88@hotmail.com, Glp9KVSVdMPEAIQ 
Kelsie_Armstrong39, Damian.Stehr25@hotmail.com, QCn_cPx6csUND9C 
Sibyl.Bernhard, Jovany_Labadie22@yahoo.com, dNDMEmlpvy0tU2d 
Travon44, Robbie41@hotmail.com, TQo0obW7fnuM2Ao 
Danika75, Cassandre_Effertz82@gmail.com, 0xBQAfF14wXZuIJ 
Katarina_Fritsch, Hassie33@gmail.com, V9Jb05fovPUWEPl 
Perry_Lubowitz, August42@hotmail.com, gDXrw5mJtNoytpH 
Lukas81, Kristy.Stehr46@gmail.com, r9gJ7Wx1pTkx5as 
Freddy8, Stanton.Swaniawski@yahoo.com, fFLH_m1kCV7ftvQ 
Orie_Rohan, Brannon.Jerde48@gmail.com, ds0zA2Bi8tIrOAR 
Yoshiko98, Jordan24@gmail.com, JE5hx5E5EK1oZ4J 
Dejon_Skiles, Alvina.Kling11@yahoo.com, kRCuinxRd2GzTXo 
Laurianne.Gutmann, Rosanna.Kuvalis51@hotmail.com, kKQpnG0kiV1ZMdU 
Una35, Jalyn_Kshlerin@gmail.com, uiW75rE7cuxM6l5 
Yolanda_Watsica, Alfonso9@gmail.com, 6XXxfZ_DgcLpQMi 
Carter.Klein21, Darrin.Osinski48@yahoo.com, wnMZhOiBdH4vesC 
Weston_Fadel, Simone_Koelpin@gmail.com, Ti88YpC5zkC3Dx8 
Stan.Schultz, Mia.Goodwin92@yahoo.com, ofqTMQ4tGqVw_wb 
Haylie_Daniel51, Ruby_Schuster36@yahoo.com, Y3LJfIaWnQFL4jY 
Leland10, Micah70@yahoo.com, GofKH49gH6knAtR 
Giles_Crona78, Russel53@hotmail.com, 778IloDlaK0Yc9R 
Drew_Donnelly, Minerva.McLaughlin@gmail.com, nVqj1HQmw8OYgP6 
Francis.Smith49, Talia_Shanahan87@yahoo.com, fG9Uw1O84wwtIvv 
Rafael.Powlowski-Baumbach, Kacie_Sauer34@gmail.com, FQrQLfZb1ovM3Oa 
Joy.Swaniawski, Helena_Klocko@gmail.com, ZeVJ_dDiYWxiWpb 
Jorge69, Merle_Denesik94@gmail.com, 3hhMTb8gQWl0sRL 
Candace_Harris, Toni59@gmail.com, B7wGxf29p1kzE9y 
Cory.Harvey27, Berneice_Feest@yahoo.com, JnE5sEzxDiqXrxa 
Dedric.Murazik44, Rowena.Stanton@hotmail.com, 6GEeME3hGQODpa8 
Madelynn87, Sage.Altenwerth35@hotmail.com, Td8znAfPUSXbmhz 
Nyasia.Koss7, Jeffery.Deckow@hotmail.com, Wk6ziA88FVjzPts 
Zion.Schmitt, Zachary.McLaughlin@yahoo.com, y9UhRLE6yKSRO32 
Salvatore97, Christ.Kemmer44@hotmail.com, 8ngk0o0ckGzEuja 
Pete_Ziemann23, Nadia_Lemke@hotmail.com, 1K8iHH06maM4RLj 
Devin.Wiza36, Francisco16@hotmail.com, 5bHMxve1JmpUy56 
Armand.Ankunding, London7@gmail.com, 53XP0nfszwVZYPF 
Carli.Stanton1, Maye72@yahoo.com, hKYaucCAV9lDvbY 
Bernadette_Effertz, Beryl.Crona6@hotmail.com, MHWBD8vXGbffsCX 
Ava.Moore92, Orion.Walker@yahoo.com, xLW463sNwPBC0m8 
Jaycee89, Esmeralda.Thompson46@hotmail.com, oeHfSHv99yntSYe 
Virgie.Koch20, Lambert.Hyatt96@yahoo.com, puRMzLEX8UMJz_r 
Fermin.Wisoky47, Reva57@gmail.com, 7o8mtXvDRv5V1Ns 
Josiane21, Kaitlin26@gmail.com, Kj0BwcwSyW3JcVv 
Robin_Ernser, Isabella80@yahoo.com, zYH5dWsyhZNodDn 
Marjory_Okuneva29, Karlee52@yahoo.com, Ic4S2MHcLJrOgP1 
Mayra.Zemlak10, Jayden64@yahoo.com, OawGjTLFi_o8945 
Berta.Olson, Houston12@hotmail.com, d3SSCmJzjt_eU_Z 
Kobe.Gutkowski, Roger_Conroy60@hotmail.com, 4ooJhfK9QuHgbB3 
Roosevelt6, Dortha89@hotmail.com, _XiLAKeuS0hgDdF 
Devan_Pollich64, Archibald_McLaughlin@hotmail.com, PcewDFVJodnGzjl 
Vanessa.Bechtelar, Lyda_Grimes10@yahoo.com, 77Dd2mhRKwqZT29 
Derrick8, Maddison_Breitenberg64@yahoo.com, yLjniViJthw18VR 
Leslie85, Antonio88@gmail.com, DHfOD7pFNvrIYPd 
Theresa_Harber, Ceasar60@yahoo.com, FV56LviuAgzw6oH 
Juwan.Reinger88, Fernando82@yahoo.com, a77vBk79LJDuNxf 
Vida.Mann, Carolyn.Shanahan@gmail.com, Ho8oQReg6NTanQk 
Georgette.Kassulke, Megane.Johns@hotmail.com, GnsxPXzb2VcLWix 
Randi_Shanahan94, Cruz_Conroy0@yahoo.com, JReuGNSXNB0RJEW 
Kiana.OConner, Ken_Ondricka@yahoo.com, spczUNWzdwziGgW 
Harold_Tillman, Conrad_Moen@gmail.com, 5K5eAA4tp_jBCJz 
Maximillian68, Joey_Anderson@hotmail.com, qDOMQciVik21RPe 
Josh69, Edwardo_Pouros-Howell15@yahoo.com, bRRYQ35oOVop5tD 
Kallie_Kilback, Maxine_Sipes@yahoo.com, UH42u88vteNpa0Z 
Kamren21, Noe.Goodwin@hotmail.com, QJIzeWAsr2bY4Aa 
Scarlett_Jerde93, Isac_Stracke@yahoo.com, tjg05YxrBHuWoP1 
Esta_Batz-Prohaska, Darren_Quitzon76@yahoo.com, sGGwOmbcIkFZPO7 
Tierra.Thiel54, Enola65@hotmail.com, UUsd2PrP3V9_MqV 
Stone83, Omari24@hotmail.com, e9n3aae9gsB2efA 
Nasir_Ankunding38, Ted_Rodriguez@hotmail.com, ubafO34kGGrn7Q3 
Hosea_Hirthe, Kylee34@yahoo.com, IjfDcZ5NV1cDcCJ 
Rosa_Ruecker, Caden.Gulgowski46@hotmail.com, hNHSK1KhEcY0rhv 
Delmer.Mante36, Lilyan.Witting@gmail.com, 6vAx37ViFUTH_5P 
Scotty48, Lori_Langosh@yahoo.com, XDbw56_Kgfb9UQq 
William_Nitzsche, Nya.Ledner40@gmail.com, leUdjaI7swnViak 
Marjolaine11, Ahmed.Barton@gmail.com, qwPWEXAlMUonsj2 
Willie_Parisian, Katheryn59@yahoo.com, oqPAHpQW7mNLBoJ 
Alexandro18, Garett3@yahoo.com, g3jNTDiJIJdLE1Y 
Deanna.Marks, Giovani.Witting@gmail.com, ybY9YObTgfxsVNC 
Owen25, Murray.Conroy28@hotmail.com, JhFniDPHU4H4jnq 
Alanna_Dietrich, Marc.Schroeder18@hotmail.com, mD2XAiEF9k9Uag0 
Aurelie_Brown, Elian.Schowalter4@yahoo.com, 62esfhOVoG5mswT 
Tyson58, Aliza_Stamm-Jenkins@hotmail.com, wFOvleJNDP45Wyu 
Delaney.Okuneva93, Braxton_McDermott@yahoo.com, P_42KB6qYsOCjHY 
Alanis.Jerde, Gerhard79@gmail.com, WE5_IlUTFaBY7ut 
Jany38, Lauren97@yahoo.com, DVps9feiaawdZF0 
Zella_Boehm, Zoie_Pagac@hotmail.com, BwHmMHYs9h_poz4 
Tina_Padberg-Boehm, Theo.Rau@hotmail.com, r6kZr73cf0vPPfo 
Olga53, Jana.Haley@hotmail.com, m5IdrtYp3hJvv34 
Troy26, Cameron_Schowalter0@hotmail.com, YPxGjuFQaLbLbwz 
Grant87, Al_Legros56@yahoo.com, bjsDckjWBddXraP 
Norene1, Gudrun_Russel23@yahoo.com, X7kCkWDQmMI5En_ 
Carlee92, Rod7@yahoo.com, bp_0LRlZdFiRJBL 
Giles.Mueller93, Isaiah45@gmail.com, EggTY2RqKlqEgrY 
Efrain_Boehm, Herta56@hotmail.com, BpVKKfa1AFsf_Tf 
Perry_Mann, Alena54@yahoo.com, CKqHvKjv_hhkBZ_ 
Landen_Hayes, Clay_Robel-Volkman@gmail.com, VkVtu8DBdNvw8Mo 
Mckenzie.Bahringer, Marquis.Muller@yahoo.com, HSwxAy34Hwyjfos 
Casandra.Mertz91, Heber30@yahoo.com, hekROUtBEwKthhr 
Rowena.Goldner38, Jensen78@hotmail.com, 07kD_NcR4HjYrNa 
Emmy8, Clint.Gusikowski58@hotmail.com, jdFVLcdWxnSNsPi 
Abdullah96, Elisha.Nitzsche@yahoo.com, q7YlGheWIyjHEKQ 
May_Davis0, Rosario_Hane82@yahoo.com, cS_m3Pg99mCzPdU 
King.Kohler-Walsh3, Bria_Rodriguez30@gmail.com, v9li6DQV_jlV5zb 
Derrick.Pfeffer54, Chasity88@gmail.com, 5GBk852GZGEfths 
Veda.Marvin37, Marilie_Marks17@gmail.com, 6O_r_oBTh5BoZps 
Baron65, Maximillia55@hotmail.com, OSmTg1bY0hUI4kS 
Misty_Fadel21, Dayna88@hotmail.com, pwcD4exUiY4qhF4 
Robyn.Kulas, Delbert43@gmail.com, Z35R834rqKUeXuo 
Lee_Cormier0, Julius60@hotmail.com, BQ9Ezpuh4QC0ffC 
Dawn54, Jean_Hane@hotmail.com, w4swQElThRtczUO 
Sibyl8, Luna24@gmail.com, cr5DEupuyKzheFn 
Britney82, Kale32@yahoo.com, ut0Am_PfmBrCXZZ 
Adell54, Ethel_Mraz@gmail.com, ZxEM3RcNCQnSMR1 
Catharine36, Ines.Jaskolski@yahoo.com, MJn9DNGfwpmE5zV 
Lonzo83, Griffin70@yahoo.com, vZxqcm4dy4nRnjK 
Dillon.Littel67, Rory.Dare@hotmail.com, oGZmBez29DODYYr 
Daisha17, Wilford83@gmail.com, akZjmXWExrK68RS 
Margarita.DuBuque, Abner10@hotmail.com, _gS0sTuSFV44KSw 
Hoyt_Pacocha, Elvie_Huels@gmail.com, R6OQc0MB68aPYzD 
Marguerite_Kuhic4, Jovani50@yahoo.com, Byp1gVyjxF3zGXh 
Carmella.Gleichner, Misael14@yahoo.com, Y0Rhpdwb065w6LD 
Rachael_Bahringer45, Sid99@hotmail.com, Vz1xHZE_KyufVO4 
Marvin49, Kayla_Roob33@hotmail.com, BsmWYSFR81K5Cy_ 
Kieran.Cormier, Jammie_Leffler@yahoo.com, zs14yiNq2Bgpf1q 
Steve5, Alison.Friesen84@yahoo.com, dhFLsvtxikoRAWt 
Ashtyn89, Emelie.Greenholt@hotmail.com, lCk6CtGynPMJ12u 
Colton_Kulas18, Anahi_Conroy84@yahoo.com, jhZA1sPz9j6ARuQ 
Taryn.Rolfson, Keely8@yahoo.com, C5JW3poRw4OXD_t 
Edward_Schroeder25, Demarco_Ward81@hotmail.com, BOLyWvAhp7sO0La 
Toney.Weber, Juwan.Larkin@yahoo.com, cOqofWQjv1OLWIe 
Damian.Breitenberg, Neil.Romaguera27@yahoo.com, h4OHoGjWF51lGPw 
Carlos47, Janae_Rath@yahoo.com, qRUtcv2aNs_Nz4O 
Sabrina.Stark91, Miller.Franey17@gmail.com, l_un7_T_h9OrL5f 
Alta_Rogahn19, Charley_Bode20@hotmail.com, vox6tvAAjLBLxmE 
Levi43, Tito.Quitzon@yahoo.com, yUIE3SKpJ6l5zdR 
Brandi_Cremin36, Christa52@hotmail.com, AitPOb55kAkCvCg 
Timmothy_Tremblay11, Alexis_Champlin18@hotmail.com, a7v3teAQFX88V9x 
Carmelo.West27, Rosamond_Goyette@hotmail.com, RAgUR6EtUCipjVw 
Jermain39, Dante_Greenholt@gmail.com, cmNlfyoM818ecFR 
Maia39, Josianne.Mante@yahoo.com, TEXaZKOEopb7hXc 
Deion33, Samson_Bahringer@hotmail.com, UECx4F8A_KSxpQQ 
Loraine.Bernhard10, Julio59@hotmail.com, DvTN0berfDAWwfu 
Yasmin.Connelly7, Mohammed.Lebsack@hotmail.com, YxAv2ySKalKX0Y5 
Skye.Bednar, Genevieve.Buckridge-Schultz@hotmail.com, OcYLeHUWCWt4br9 
Gladyce.Vandervort63, Brayan22@gmail.com, ipnkvJKIZ9pA04p 
Roberta_Cruickshank80, Justine_Leffler@hotmail.com, oLsTwGHsowcsMVb 
Andre.Feest, Rita14@hotmail.com, 3Flpyf18bXKI5xr 
Kaleb37, Gus_Douglas@gmail.com, cNDsBZUsUBYMbND 
Molly.Dickinson4, Tyrell.Hills@yahoo.com, GHfKIN0gz6UWQzY 
Joany_Hagenes-Ziemann, Darian85@gmail.com, CBBaFWK82Imw7r4 
Sebastian_Bernier84, Addie33@yahoo.com, IfUzNUdc44yE4Ad 
Bobby.Yundt88, Thomas_Collins62@gmail.com, ehuUu8DOw6beva2 
Andy.Lehner, Michele_Thiel8@hotmail.com, 8doPWcewncl3LPU 
Noah43, Miracle_Batz@gmail.com, ZXTbuyZs8oTYstq 
Stacy.Tillman, Carroll.Grant82@hotmail.com, ajPWx9wt6zqNiFY 
Alvera.Kertzmann, Daphne8@yahoo.com, Ix7G6YIdPOXm8ZD 
Samson.Hoeger, Brenden61@yahoo.com, 4DJIS03f6OirOZw 
Zora_McClure, Pablo.Halvorson60@yahoo.com, yHFRYdDi_tGaRrJ 
Mattie48, Levi.Stracke@hotmail.com, CrelyFbaH4dVpP_ 
Cassandra96, Monroe80@hotmail.com, Zo6dgnxt0tC0HQN 
Twila_Weissnat, Jadon10@yahoo.com, HRE8z6JtJrpiwTW 
Jose62, Lizzie.Effertz@yahoo.com, zx9lnAljYEU3ZTq 
Ida.Hegmann-Corkery46, Noemi_Wolff91@yahoo.com, GgARceMGkVw8Mgx 
Glen69, Ashley.Raynor@hotmail.com, iWp0a18SVzHv2Dt 
Lyric13, Jeanette.Crona@yahoo.com, pPFaYjnUyQmqKQf 
Hope_Christiansen, Cathryn.Kozey@gmail.com, Hry2hYblfzuXUqr 
Valentina.Wolf, Johnnie68@gmail.com, sgIR6k0XxtUfPoc 
Abel98, Marcos_Smith@gmail.com, DVs2dvb2AKSjHty 
Chet.Schneider, Jordane.Dicki80@hotmail.com, Esm8xOWW5p8yhUa 
Alphonso.Lehner63, Noemy.Hettinger15@gmail.com, 8N8rjgi9JC8XRvK 
Gina.Adams27, Gia_Cronin70@hotmail.com, z0B6axuXwIDdbRC 
Darrin.Wuckert70, Maeve47@hotmail.com, XNlV1nttaTUEtnn 
Emmie_Hirthe, Izaiah91@hotmail.com, zvKhsrX_Eousglu 
Aubrey46, Makenna93@yahoo.com, lQB1bYDjU8vm1Ig 
Bailey.Kshlerin65, Tremaine94@yahoo.com, wu8iVdTLIH7HT36 
Zackary_Muller, Orin_Jones-Lueilwitz68@gmail.com, BNn_vrnt9EOaCKg 
Dell28, Gabe_Larson@yahoo.com, bjswHctVFsNPast 
Michel11, Vesta12@gmail.com, uiPzxNJa7Sf6etE 
Alfonzo52, Reese_Bartoletti6@gmail.com, v7AX8HrLBiRA25Y 
Allen.Tromp, Daphney98@gmail.com, IsDyXfA1dIbwmmi 
Raymond12, Robyn_Harvey13@yahoo.com, NmJzEpU0usqz_jR 
Ashley.Smith2, Lexi5@hotmail.com, WwLkd7YUsNjXwzv 
Edgar96, Cloyd_Goyette47@gmail.com, Bgb8JEHzotn_BAx 
Jayden76, Magdalen.Nikolaus@gmail.com, ANZqlmCnITZGPO0 
Lauren_Bernier-Beer, Nathen_DAmore@yahoo.com, 9UI9Tx4oUrjSVaq 
Hosea50, Aric.Langworth73@hotmail.com, s_b9DpuHltPQq2t 
Bulah.Prohaska91, Maggie74@yahoo.com, ONhowdpvuoBmXtU 
Joany_Kemmer27, Winston3@gmail.com, W_SCHr1J131U8y0 
Floyd_Blick, Samanta.Marvin@yahoo.com, KMF_RMTJoA5JJ0P 
Lilly.Jacobs, Oceane_OConner71@gmail.com, 2bTDT0NHx_ncic_ 
Dedrick.Pagac82, Alyce_Bosco@gmail.com, mcY1K_YtoBCu3h6 
Laney_Spinka, Nathen_Hoppe43@gmail.com, DHcaZGjNuyXC4wg 
Felicity_Ernser, Kennith90@hotmail.com, _3d2ipVZ8aQRtVp 
Colin_Toy, Carol.Hagenes3@hotmail.com, pujZOi5KM7PpZRM 
Jordi.White99, Kelly.Cummerata13@yahoo.com, BylaENxS53rGfwA 
Edgar_Sipes15, Calista_Huels@hotmail.com, Nq2yMjDK64moUhF 
Emery.Boyer, Breanne_Marquardt77@yahoo.com, 8KvrtRbs_XQDXem 
Malika19, Earnest0@yahoo.com, KWhUO3hEIpTdmus 
Emmitt10, Myrtis.OConnell@hotmail.com, PNerAu0bjTmZy51 
Isadore_Upton81, Austen.Thompson89@yahoo.com, e5RbCiGu_n2Om6z 
Reed93, Kitty.Schiller23@hotmail.com, oIqKxtpfguNg000 
Karson_Buckridge57, Troy71@gmail.com, EYtEtY9_h4bKLlS 
Ellen11, Ludie.Conn@hotmail.com, 9V9lUOJvLnPtM79 
Leanne_Adams, Tina.Kautzer-Corkery@hotmail.com, hsDmjY2hrd3Z2sR 
Madge25, Joana_Bins@hotmail.com, AmLj5EbRyYmnxxn 
Timmy.Hintz96, Clair.Schiller40@yahoo.com, g1HLvYiniueEilT 
Hubert36, Tierra.West96@gmail.com, C8C314UEEy1pZIy 
Eddie.Berge, Wendell_Ortiz@hotmail.com, kvW_xPOzgDxxEax 
Donavon_Runte18, Flossie_Barton12@hotmail.com, cCMHBWUlUXqH7Bo 
Al.Klein68, Angus13@yahoo.com, rpHkqvuBEz8_Mby 
Angelina_Funk74, Raul.Daniel@hotmail.com, Fl7PRimVWcXp0CZ 
Sister21, Carter.Greenfelder88@yahoo.com, kMGI4rm7GIx18_I 
Berenice18, Dusty.Hickle49@hotmail.com, Ri5AwQgkaHckKPJ 
Blake54, Brenda62@hotmail.com, omsPa6PuAU6qX0D 
Elisha_Smith2, Jaylan.Heller@gmail.com, o4U1LPIJPmg9l7s 
Abner_Gibson51, Ransom_Feil91@hotmail.com, 31vKGpfpl6lFnYN 
Shawna_Corwin, Seamus.Corwin@hotmail.com, ekN1jz6GRw_pO1m 
Allen_Willms8, Americo.Mueller@gmail.com, 8kc13ImgNOnJBH9 
Lowell_McGlynn, Eulalia.Murazik@hotmail.com, P6uzeSz_nDBExdE 
Brenden34, Vesta_Daugherty25@hotmail.com, SWpXoBlw7v0C78C 
Alberto80, Enid_Huels6@gmail.com, YiG2jvR2XVoBq2e 
Nicole_Barton26, Alia.Bednar@hotmail.com, bse_kokS4wyVkk6 
Thurman52, Jarvis_Hayes77@yahoo.com, D5BdAkTzLyM6Ryw 
Sadie.Mitchell84, Camille.Mayert99@gmail.com, VfvZMqaoYFHi3iY 
Javon_DAmore8, Linda28@yahoo.com, RVtgzEszLHbVYhg 
Reid.Stokes, Providenci.Ryan48@yahoo.com, Flge8sV44AEkQUs 
Fred81, Angelita_DAmore67@yahoo.com, EzZuRCZ1PfvoFsq 
Charlene78, Dixie.Beatty@hotmail.com, HAl8gnHT2_40W28 
Bernhard86, Vesta_Monahan@hotmail.com, 7l2wLL8JF9QTOTp 
Hettie.Simonis, Omer.Reichel-Kautzer@yahoo.com, D8slmRBV1xfWfM_ 
Abe_Hammes50, Jaylen68@hotmail.com, MzeCZwqBolVmVjH 
Nettie7, Evangeline_Keebler17@hotmail.com, nNcNV1PGbpLt74B 
Garrett68, Allen.Adams62@gmail.com, 0nOxLcOPV02sGxq 
Allen2, Kaylin.Windler92@yahoo.com, EtdQ2l9fB3CETI5 
Van_Schaefer, Norwood73@yahoo.com, gk609aBJU819crW 
Marshall.Mante-Paucek35, Mallie.Weimann84@yahoo.com, kCywgcV0AyUNwcm 
Zachery_Rosenbaum40, Kade_Johns@yahoo.com, wWqng_pmL_F6u9I 
Janet.Lowe, Carroll_Zboncak-Bernhard53@hotmail.com, qbCPCSEfRzNQ42H 
Rebeka_Hoeger, Gordon.Waters@hotmail.com, _WJmRnmoUIRHQVQ 
Mercedes_Gleichner, Julius.Jaskolski@hotmail.com, B80M7byF5idOxto 
Ben_Weber, Jewell55@hotmail.com, fy30YX0YNYjySgi 
Princess59, Mack.Zboncak@hotmail.com, 56RhnfTL4SurAMm 
Reilly.DAmore-Larson, Quentin.Lemke@hotmail.com, FyTHQ1BO5OAMaFM 
Nathanial_Johnson, Mertie_Nitzsche@yahoo.com, XsL4m5kz7p8tqPP 
Breanna_Rutherford24, Jalen40@yahoo.com, 6xJIc5EVGHBVvsN 
Izaiah_Stiedemann, Christophe_Donnelly@gmail.com, ccbjrv9PvC3OHK7 
Bette_Heller, Herminio_Kihn32@yahoo.com, k6IDPQaFpQQq9cx 
Brody.Gerhold, Raquel.Macejkovic11@hotmail.com, NUUlUwT2Brs1VJK 
Katheryn_Bechtelar89, Briana_Abshire@gmail.com, 9vPChTFEqcZphgc 
Jade.Abernathy, Jamar.Feil59@yahoo.com, B955ww9rt__FaWU 
Junius.Kovacek, Jaron99@yahoo.com, BFPXVFjsFCl2gjL 
Hal14, Ulices.Stroman-Bashirian@gmail.com, ueSyXvrFGTZlR_y 
Nakia.Barton51, Rylan27@yahoo.com, dHc5oBJ4ZhDKDP1 
Gustave7, Perry.Williamson6@yahoo.com, 6lbQNCWvRhZWouR 
Hazel_Donnelly-Dibbert, Kaleigh.Schmidt77@hotmail.com, 3OjgR1ma30sDx5B 
Danika.Braun11, Jerrold.Blanda@yahoo.com, w3DRQIwCkjvRwDf 
Katelynn61, Jaydon.Stamm@gmail.com, e76YPBRGjLDIV_Q 
Sophia37, Sheldon_Mueller@gmail.com, QFORGiBxvKZvTKg 
Linnea.Larkin, Dayton.Sipes@gmail.com, 5Y2tW16uXagROlZ 
Kay_Kihn, Jose_Pfannerstill@gmail.com, Vz291xUP3tiVU_0 
Wilfred_Kilback, Fabian89@yahoo.com, foeFvQoLFRl4IrF 
Etha10, Connor_Mante81@yahoo.com, eELwXcjlGbw7OtZ 
Savion_Roberts27, Brycen.Morar97@hotmail.com, 7WvfW15Oz1OI7aa 
Frances_Lowe61, Blair_Schamberger42@yahoo.com, uKr_IJtueTikydy 
Matt_Schumm, Emiliano.Nicolas@hotmail.com, GEEahErOGufwB09 
Billie.Schuster, Edwin_Lemke@yahoo.com, Ls2RlR_KKH9VplR 
Susan11, Salvatore.Kautzer@yahoo.com, HRIriMQWJuYw0fC 
Romaine.Sawayn35, Adah_Harvey@hotmail.com, Qh4NbJdOgobnKmn 
Neil_Bailey, Genevieve_Lesch28@hotmail.com, TZHFGl4Jf3nX2JX 
Jaeden.Cassin, Uriel_Kessler@gmail.com, sZp9UjMWSF2dfRl 
Dianna.Hyatt13, Cynthia_Schulist1@gmail.com, JoxE2_fE1S9BEgl 
Miller.Rosenbaum43, Jovani_Bartoletti12@yahoo.com, znsR3ohWECwppw4 
Pablo.Denesik, Jedediah41@yahoo.com, lEuKGlJu_Q1aw0C 
Brain.Russel47, Evelyn.Glover-Brown@gmail.com, 9X6U7HjZcQAuMtR 
Marcella74, Jimmy.Hyatt58@hotmail.com, T7KGkIphBx73oiz 
Kira83, Eda38@gmail.com, 7ZwNPEFWhheoyZ5 
Freida_Turcotte, Emil31@gmail.com, hJarY8Eju4l1WyB 
Adelia_Bayer70, Giuseppe_Raynor@yahoo.com, vAMeqG8LTCKZFIz 
Kaia_Yost12, Heloise92@hotmail.com, dm00_d5_X4ThYiV 
Eliseo46, Morris.Herman13@gmail.com, oBOt43jLOfTiOKt 
Zechariah_Yundt, Brandt64@hotmail.com, fElLd4BQZGaP9Ft 
Terrill86, Lia_Dach-Hickle5@yahoo.com, SvfQp4phTgKRk89 
Breana.Lueilwitz, Mabel.Howe@gmail.com, k6feVP1tzzvtBRh 
Issac.Schultz97, Damion.MacGyver@hotmail.com, icwERpCLQwpwtFo 
Zora_Baumbach36, Karine_OKeefe47@hotmail.com, _rdsqdtcedlxu3j 
Nannie.Kris18, Serena.Denesik@hotmail.com, JMMjCtCqDHmVNis 
Kailey88, Elwin_Kemmer66@gmail.com, gwXUoByeOSOGkQa 
Otha_Raynor, Marlee81@yahoo.com, Ldnvs1O2TgeoHww 
Kristin_Bosco88, Suzanne87@hotmail.com, LH3aOK7QMX0XTzO 
Thaddeus68, Kyle1@gmail.com, 6dT6QKTr4oj9T46 
Evalyn87, Leola8@gmail.com, Vv0j8Czwtqecb4L 
Alexie.Kling72, Alexander.Feil13@hotmail.com, 1ne3yEBy1NRUVEU 
Vivian.Witting, Bill45@yahoo.com, cpVwsVEfuB9qCWM 
Queen.MacGyver, Kelly_Fay@hotmail.com, iXfueq3rAyWPjTD 
Natalie.Boyer97, Loma.Ryan@gmail.com, 3Z1jYL70zFfzQrI 
Diana66, Laney_Frami24@yahoo.com, TOrDeSa6qrP3koL 
Jeff.Howe-Zieme46, Vincent_Cronin@yahoo.com, BJ9XYStDp0sJza3 
Caroline_Corwin43, Modesta.Mertz@hotmail.com, bfbISp18CqHbpbI 
Shaniya_OKeefe56, Cortney.Dickens19@gmail.com, 72vXZj6uY3YfTJd 
Myriam44, Christina.White@gmail.com, mnTl85pBa8DxWNt 
Elyssa.Schamberger84, Alaina97@yahoo.com, wILOEBaaRazyBrw 
Jasper20, Angelina_VonRueden@yahoo.com, FuVcJ5DjbdMw335 
Raleigh.Senger, Virginie.Stroman98@hotmail.com, N4a7VDz_oN2_QnG 
Kennedy58, Rosamond44@gmail.com, slPgyWzb3IFR9jM 
Freddie68, Garnet_Kiehn@gmail.com, 7OMRoKEcXp5zgEN 
Derick_Schmidt, Billy.Davis@gmail.com, SNJn4jAfINFQWmI 
Baron.Labadie, Demario_Carroll@gmail.com, 1OqdZEnFZqhMsku 
Randall63, Deborah.Weissnat43@hotmail.com, lBGmqOqMCcc8tU3 
Sedrick99, Sanford22@hotmail.com, YVI9ZpL27pWBKek 
Rebekah_Huels, Kristopher32@hotmail.com, vJiq3vZBs3Q2lF7 
Orpha58, Queenie_Torp51@gmail.com, KUgLr0Def7LFiJl 
Anastasia_Cremin, Rocky67@gmail.com, BovcABydnO5rMjH 
Ladarius.Schuppe, Aniya_Bradtke50@hotmail.com, Gi6LxQs5Kaa24CP 
Zena_Ortiz21, Reese.Kihn81@yahoo.com, yYzGzyrqUVkTLoj 
Remington39, Xzavier_Koss@gmail.com, 0MGKTdsJfA_BavN 
Tad65, Mylene45@gmail.com, j5nXLxT8QmtSoj5 
Mittie69, Tyrell61@gmail.com, tIzjkIzUAjM8LRe 
Derek8, Abdul_Franecki-Schmitt77@yahoo.com, qT3EaIciaiy8NUS 
Diamond.Friesen, Hillard_Nolan74@gmail.com, n1SNn8pl5pP9Kvx 
Maynard_Mills81, Nick.Walter49@gmail.com, 2GAM8sydM_qqWr1 
Eugenia_Quigley, Camylle94@hotmail.com, HD_eat41aLij696 
Stephania.Heller, Marina84@yahoo.com, sUE5N_V5ElOl1aO 
Ashlynn72, Hillard30@yahoo.com, lbu9VRjx9RRCFyl 
Mason_Yost, Tyrell52@hotmail.com, PKXieSdtO9HEXyo 
Adolphus.Toy, Cathy15@gmail.com, KJCLw10u2bLnDkx 
Noel.Sanford36, Lance.Funk68@yahoo.com, qi7BJQEmaFvaw0w 
Marvin10, Emerson_Morissette@gmail.com, Tlok_sveeeMr6Bn 
Krystina_Sauer33, Melba.Goodwin97@gmail.com, AqT69r6yBgmhNT2 
Freda.Treutel88, Augustus.Gulgowski@hotmail.com, kpZ7ul6QtKeMQxu 
Talia_Metz, Kelsi5@hotmail.com, asnAM4FeDVdaMxU 
Ernest.Dickens2, Faustino_Schulist@hotmail.com, BQE1J6B3vxwXNfk 
Adelle10, Laury86@yahoo.com, nyA3dDmZ2oyIn1c 
Paul_Cartwright23, Dusty.Cummings17@gmail.com, 6FZFYieB2x_Os4Q 
Curt_Christiansen, Mozelle91@gmail.com, mYu_rRwVSQyLx2u 
Brooke90, Luigi_Murray6@gmail.com, GrgpHnwA4e3hyD_ 
Geo_Bergnaum, Sid_Pfannerstill@yahoo.com, FGaPKJKjkKH1jPz 
Nellie_Gibson41, Phyllis_Watsica@hotmail.com, f6vnYWo_IwAcL4m 
Llewellyn_Schinner, Alessia_Stiedemann@yahoo.com, b_IUaVSKHvAO4U7 
Zane_Adams9, Kaycee92@yahoo.com, wVApIy0Dcg0GLPv 
Douglas84, Retha.Schneider29@yahoo.com, ZJ8qCdrTdwgAcU5 
Gregg57, Stone49@yahoo.com, lbSz0h6SMNJo9ph 
Tyler.Koss60, Herman_Gibson@gmail.com, YMr2RzniUAO_n_T 
Itzel.McLaughlin76, Freddie.Botsford60@hotmail.com, ydYm7ugjfefJz89 
Taurean.Hayes, Antwan.Willms@gmail.com, 5JMlqPhUP3Yy4IC 
Michel.Wiza, Annabelle_Hilll@gmail.com, W0oxw6hO163o6lu 
Billy64, Timmy58@hotmail.com, AKYuWZthmO08wLm 
Kirstin.Lesch48, Laurianne.Schimmel64@hotmail.com, lDcYtP57wYAe9wp 
Ulices80, Virgil.Haag13@hotmail.com, LgUmgYwCRWpuXDZ 
Lupe_Keebler7, Unique.Kling2@hotmail.com, ZVRpg5p1oP6x1KS 
Aglae.Osinski66, Aubrey1@gmail.com, onCIkAnbLfusiGA 
Tre.Kemmer, Carlie_Lang@gmail.com, CxEMLDGaubQ2x42 
Shea.Gottlieb-Jast, Mervin.Rippin@gmail.com, 6F7JEEU6Hlc3UDP 
Hermina.Schmitt, Schuyler35@hotmail.com, Lz7MQNxRDXcuH5i 
Morton.Sawayn23, Zena.Dickens@gmail.com, bBL564dnmRdT6Uh 
Easton37, Stanford10@yahoo.com, 5QTsXcWb5cVv6j0 
Jamar.McClure96, Nina49@yahoo.com, DEeK51A_2skyhmZ 
Pablo15, Antwan78@hotmail.com, zywu3l3WbWaVhzw 
Nova67, Daryl71@gmail.com, P5YWjyoHRSxBKiV 
Avery82, Americo.Flatley@hotmail.com, 6JKjykqsQmQZzTC 
Hans41, Emil_Legros49@gmail.com, y_HrqoUHo9SnEFQ 
Hailee.Fritsch, Lourdes11@hotmail.com, t7AwCGG3hocABUD 
Eulalia.Gislason, Madeline_Hessel@yahoo.com, LEnat4OawaV9KPS 
Calista73, Dallin.Hagenes@hotmail.com, rEnEoKiiSISl8TC 
Victoria.DAmore93, Brody_Walsh@gmail.com, IoYlSBgFxgeRmDs 
Arlie_Wuckert60, Mikel.Ritchie@gmail.com, xas03QPPFzJpxtS 
Will.Heidenreich, Hester.Nader21@gmail.com, amfD7R5LTvzYDWy 
Nettie78, Nyasia_Johns88@gmail.com, X5gGmH86V_c_fsd 
Charity.Kiehn, Celestino_Stoltenberg50@yahoo.com, GJN8W9nsc_AMHZS 
Aida19, Doug.Adams81@yahoo.com, Zq0cTnN0F3YdJLh 
Tod.Wiegand, Cordia_VonRueden@gmail.com, D3v19dRcfcawExH 
Pearlie.Luettgen54, Ernestine44@gmail.com, hu7t2MI79PwMD2I 
Reilly_Blick, Oswald_Predovic@yahoo.com, D1nTYxofbFF_i84 
Donato.Wilkinson64, Chyna51@yahoo.com, S5B0v0i3tOLeKp6 
Judd.McCullough29, Cameron80@gmail.com, HXUKS6l7GIrU8Rl 
Paolo_Hauck87, Michale_Grant26@hotmail.com, 8bl14OovY0tFlqz 
Will.Padberg-Adams29, Hillard_Ebert@hotmail.com, SVPWtHabkBLD5WH 
Buster.Barton89, Andres.Hintz@gmail.com, OzZJNDoPzPC5d8V 
Alexandria46, Harvey.Hilpert45@hotmail.com, FnUP0lBRJJHkf9L 
Kenton_Breitenberg73, Ellie94@hotmail.com, 7fprgVO6GlbmEck 
Willis.Hagenes, Macie_Anderson98@yahoo.com, DBsyHS82kQ4uqok 
Tyrese.Trantow80, Yessenia_Kuhn@hotmail.com, Iee9g08OhA1rdfX 
Mario_Trantow, Connie_Runte54@yahoo.com, RfzEqnOpku14X2e 
Romaine38, Jazlyn23@hotmail.com, 89CelDAhVexGFTQ 
Keira_Nader, Ardith.VonRueden23@hotmail.com, TnvzBerGAs2zHDs 
Karli.Schiller, Eden_Hilpert@hotmail.com, bSU1UKuoDFT_apq 
Michale_Dietrich27, Michale_Kilback@hotmail.com, NwDJv8N3BtBBR5U 
Beau.Willms14, Angelo.Mann@hotmail.com, Oe7SYWx4x4Z3Xs4 
Lawrence_Hodkiewicz22, Reed_Gibson54@gmail.com, rnAcxenIgyJcmsK 
Jada.Ritchie76, Spencer72@yahoo.com, Gl3yt8A23BsLObt 
Ryder.Hermann46, Velma40@hotmail.com, 14mBercrZDPC3tx 
Guadalupe_Bradtke20, Neha_Durgan@hotmail.com, btXOTExrjsr_aLJ 
Demond_Herzog, Kaylah73@yahoo.com, zb6bdiGT2PBvrn4 
Priscilla45, Golda_Pouros@gmail.com, CMWouxCxfZpOzkJ 
Cole91, Syble73@gmail.com, wmBvlev4BtJaNg2 
Moses.Schmitt, Kamren_Roob@gmail.com, 9egCviyUOIFfKcv 
Tyrell_Crooks83, Jarrett_Okuneva@hotmail.com, LgIE7mRE4ZLrZza 
Sheila.Rempel, Marie_Fisher@yahoo.com, Rdlm8EF0JxWQaRf 
Corene.Mann83, Verlie97@gmail.com, _yqhM6LkaNjdRMs 
Leonardo93, Deven_Beer70@hotmail.com, E5AE_oG29VcKZkA 
Jena.Hilll83, Hunter84@gmail.com, grM9nTtfz8O0oVT 
Aubrey91, Karlie_Kessler52@gmail.com, mEvHDW3Q_kyDfex 
Astrid52, Marlene37@yahoo.com, MV8Xi9bRyVft9rH 
Ellis_Sanford, Chelsie92@hotmail.com, aW_YMFEjlsN7BZb 
Maureen_Predovic, Marlene_Cremin68@yahoo.com, GC7_yBZ0RpjhQEK 
Rosemary_Ratke67, Augustus_Schamberger@yahoo.com, pXivr8RqsnndOJx 
Otilia_Grimes50, Justen44@yahoo.com, aZZFEb6IMKHz3PN 
Gina.McCullough, Fanny.Kozey91@yahoo.com, y7FPs5IMO1Mz1Yp 
Anderson81, Yazmin.Terry10@yahoo.com, KBex0H2ilwWmFFv 
Malachi59, Micheal.Hettinger-Hansen46@yahoo.com, L33KdvaSgcohbCM 
Destini_Lebsack17, Gina92@yahoo.com, dMhXAiVFDdfE53P 
Raegan_Hilll52, Hermann_Steuber@gmail.com, kz3uJ4dJvI4rtOB 
Bradley65, Conor29@gmail.com, kUZ2EmBUbPtRcvz 
Cedrick_Green, Juliet4@gmail.com, ZBhov3Ge7oRMEHO 
Clovis.Cummerata13, Reynold.Cole5@yahoo.com, tbWiaIgBmB6MrLM 
Vicenta.Gibson23, Keyon.Bode96@gmail.com, e4t84aHfhaLFiam 
Ronaldo.Kautzer, Karine_Funk@yahoo.com, wdb9916ExI85S_P 
Efren39, Jillian_Rice-Jacobs97@hotmail.com, hFPQi5hnF74oADU 
Graciela79, Marguerite_Von@yahoo.com, zUeUDZb_gX1QfVV 
Brice16, Ronaldo48@yahoo.com, vhaBuN_DLnC0bX0 
Cicero_Bahringer4, Melvina11@gmail.com, 9qiuujTc3dzMfrr 
Jamey_Bednar37, Merle.Friesen@yahoo.com, p1ZRdbOs0IgAG1N 
Litzy.Emard-Beahan20, Meagan40@yahoo.com, op_mk_eYGc9oQzD 
Cheyanne82, Patsy68@yahoo.com, 9_g0U5asKxQ2tKz 
Dalton.Farrell, Quincy61@gmail.com, 7B98CTuM1u094gM 
Thurman_Baumbach38, Yesenia45@hotmail.com, La2sDfdYAHwACHP 
Golden42, Jay.Hessel@hotmail.com, 7DbGQH9A5qzP3h7 
Annamarie72, Chandler_Ullrich28@gmail.com, jp8JDwjpRLLIDuU 
Alvina0, Cali65@hotmail.com, XWFgJoy5gRtU6Re 
Franz.Carroll, Angel94@hotmail.com, 6ZC0Ri5dtoHMoec 
Evans_Blanda3, Adalberto.Runolfsdottir75@gmail.com, 31l7sNsTlE1pGot 
Delaney.MacGyver99, Daron_Stehr@hotmail.com, TUjjpyI1ZncRpR8 
Abby71, Camren75@yahoo.com, dTc2fSMAyEaBrzb 
Ethan_Okuneva40, Ettie.Schmeler@hotmail.com, xCGtSR0tYb7PFUo 
Carley.Goldner26, Timothy33@hotmail.com, Wlv2b8AYIU7coRn 
Laura33, Ocie.Kutch17@gmail.com, sJu4E1Plqiwjd18 
Stone.Thiel32, Sasha_Stark31@hotmail.com, _OntlvwA9TNnIaL 
Rashad_Kub42, Lindsay41@yahoo.com, wt3N6W4VIcFOyPp 
Mazie65, Wendy.Oberbrunner@hotmail.com, o8j4CkvzdQZRCmD 
Dee.White, Keshawn_Brown@hotmail.com, xkchyr6Lsj2zDpt 
Monserrate27, Americo7@yahoo.com, VBDojmwCfytASn2 
Lavinia.Grimes37, Jannie95@hotmail.com, nJNO8CXILHh7uLm 
Kiel.Jacobson16, Imelda.Runolfsson32@gmail.com, TQDlvJPVFEFaAqi 
Brant_Lemke55, Kasey_Fay@hotmail.com, 3X2hcvDpazPiW42 
Gordon35, May_Hyatt-Schmeler26@hotmail.com, q1Tkm_BBf7pugd4 
Valentin.Ledner66, Vesta.Kub80@gmail.com, e16ef90mGCnMZJT 
Darion.Sauer, Louie_Donnelly78@yahoo.com, EBsXpMqWO6Byo_Y 
June52, Ford92@gmail.com, Vi4bL_Zw4L1F9aa 
Ricky.Greenfelder46, Melyssa_Dicki15@gmail.com, UaHwylhaWp_Mddy 
Raven37, Tyra_Cronin44@hotmail.com, Mkhf_FhfIRBnSGM 
Alexandrine.Kuphal91, Sarina.Okuneva@hotmail.com, npbdYN41GhCGwf4 
Richie_Walsh, Kirk84@yahoo.com, 2i2LGvfn4qnQSpA 
Ciara71, German76@hotmail.com, BISY8LomRzzAuNU 
Dusty_Jakubowski12, Oleta41@hotmail.com, qHEMxq8J8FHogGj 
Marcelino51, Maida.Hirthe15@yahoo.com, MHbqt8_WfKgOQwP 
Ronaldo56, Jessika21@hotmail.com, g_i89bIINimY7GJ 
Jewell_Swift40, Nichole.Hermiston46@gmail.com, QkNGGU2evoTEkAl 
Marcellus68, Chaya78@gmail.com, g6zRbIM2jT4UQUd 
Manuela_Schmeler, Alexandro.Carroll11@hotmail.com, qz0eAnXWvR9XBD7 
Else_Quigley74, Lottie.Spencer95@yahoo.com, LRimUZPxV4guVVh 
Jerome82, Drake92@gmail.com, 1YFB1hllav2uwH6 
Pete_Donnelly, Hubert_Prohaska@hotmail.com, e7U2tlJ5kILDF3c 
Abraham64, Kyler23@yahoo.com, sr52PWl80tvEyxn 
Naomi.Graham47, Arjun_Wiegand45@yahoo.com, t0yIrDdxzortiTO 
Darrion89, Alia.Ondricka33@yahoo.com, 5gkLsTn8MllUdnq 
Denis.Turner, Skylar39@hotmail.com, bC5MOQzlouwCxQY 
Yvonne78, Scarlett72@hotmail.com, F3BtPaootAtlhrt 
Weston60, Graham78@gmail.com, LLIsHKKNtDX0KIS 
Barney2, Roxane.Ankunding@gmail.com, GjlDjtnc8JiU5Y7 
Monica77, Magnolia85@yahoo.com, tsw7KrNhf9P1NUc 
Deron_Zboncak-VonRueden26, Allan_Kautzer-Rolfson18@gmail.com, 6ATUYaeHJIk3VuN 
Adele.Torp, Hollie.Borer@hotmail.com, SEv8rFAo5yNF2jA 
Reinhold_Parisian-Schmidt, Orlando_Schaefer@hotmail.com, scFqviymkD2Hy8U 
Bernardo57, Evie_Stracke77@yahoo.com, uwcqw5gWPB2ta1M 
Wade.Willms82, Keara.Steuber@yahoo.com, REtmXoeisWvGRcg 
Gilbert_DAmore81, Creola.Haley@hotmail.com, cs68XwJ0KKzDbNU 
Cassie.Bartell, Julie_Halvorson3@yahoo.com, Gs5tsuza1bmKFot 
Trace_Dickens27, Gage.Murray34@gmail.com, KJzEb7NzvOSiZEQ 
Erik84, Clemens_Bartell23@gmail.com, FE3wUbJd1_AjIHt 
Howell81, Dexter_Stehr56@gmail.com, dvJnVJpYqUNm4vC 
Dale.Littel, Lucas.Weissnat@gmail.com, WduPf9T5CY3a3Hx 
Dangelo_Willms43, Hazel88@yahoo.com, XL_X17t4XhQIil4 
Conrad_Kirlin, Chaz_Leffler91@gmail.com, UstfzWZdhOsOOaO 
Dominique_Quigley31, Kennedi58@yahoo.com, ffFSTFRQ9IoHQCn 
Aurelia61, Blaze.Leuschke@hotmail.com, I3okSgkTckWRFI0 
Christ.DAmore36, Elnora.Ratke21@yahoo.com, YZqhXwNLQS11kh3 
Anya.Ledner, Stevie_Bartell@yahoo.com, IjFxWjy7JmNEdbv 
Chelsea.Friesen, Margaret.Kuhic53@hotmail.com, XhjjHpQvE3n6n8k 
Tomas.Kuhn38, Teresa62@yahoo.com, EQ9HG4etmYHhh0I 
Thurman.White, Whitney41@gmail.com, fQF_s8r8dreMbcw 
Mina63, Mathew.Hane@gmail.com, 0wO8_6y9aI7F6AP 
Shanon.Bergnaum16, Peggie.West@hotmail.com, H3vhUMpeIbTq7as 
Milford.Welch, Cordell.Hintz79@yahoo.com, nLjVPbi2ntn8Jd4 
Thad97, Kris.Ernser@yahoo.com, EnaT7cv63Spinhq 
Karlee_Ledner77, Jerrell11@gmail.com, BTudcuhcLIrhra7 
Reese42, Adrienne79@yahoo.com, i1plSVHmXyCPICI 
Makenzie.Lang, Quinn.Prosacco@gmail.com, 99TyP8Xg0uQGjpc 
Marlen.Ziemann67, Marquise_Bergstrom67@yahoo.com, FeDiqQxdEEjuA6p 
Jana.Kihn, Lew_Ledner@gmail.com, 4OSKGIUtN8T4bSA 
Eula.Walter, Orlo.Reynolds77@hotmail.com, ORWDymaQtXempBt 
Mathew_Wehner50, Nathen67@gmail.com, Ybah4sKhRLQdyRl 
Gunner_Weber, Betty_Schneider@yahoo.com, 0_qgW8TQwtKZ0x6 
Nathen35, Jacques_Will61@hotmail.com, G4GBvjy18B2zTJS 
Adam.Kerluke, Gennaro.Osinski@yahoo.com, 0kfZqjzdT1BAkUe 
Payton_Grant, Leopoldo.Bergstrom63@hotmail.com, X46CRUGvsTZ_nVA 
Mauricio.Strosin, Euna98@hotmail.com, P22rA5IbeOsOXwd 
Sebastian47, Mathilde_Batz@yahoo.com, 1DdKUfNgH4WWAbL 
Jane_Mraz, Eriberto_Bode@gmail.com, XjZqMQEQCPqlobz 
Hank.Heller, Bret_Johns@hotmail.com, COvA4BVrZAace1u 
Marguerite66, Waylon_Hegmann@gmail.com, GCTeFZBl3Dq5W2M 
Eden_Block15, Sheridan.Raynor@gmail.com, ke1FJDBDGHsa8CK 
Alivia.Schmidt17, Lincoln_Sporer@gmail.com, rtkh9ZgUzoneLBp 
Raina28, Abner_Considine4@hotmail.com, Ro3DmOkVLiDAzAi 
Brooks91, Devan_McGlynn81@yahoo.com, RKVs_7BbP_0pKEU 
Loyce.Jacobson95, Madaline.OKeefe-Heller@hotmail.com, IJs2gEbp1Its2C0 
Vinnie66, Breanna17@yahoo.com, Ns6pvhV6ztAqwOJ 
Jess.Marvin, Lorenz.Emmerich97@gmail.com, PAehDKlp8x9n1NB 
Destiny.Brakus96, Thea.Turner@gmail.com, lNDUzWpcIUtpweX 
Garth.Rempel31, Kade22@hotmail.com, KLdgJDyVmrVl1C8 
Wilmer.Lang, Dulce.Koss@hotmail.com, y65Bf4MGsTkJsIa 
Maybelle_Muller, Lia43@yahoo.com, trG_d3MEheh8uha 
Bobby10, Jorge.Mitchell@hotmail.com, CkxI_EgQo9vKt66 
Annalise.Boyer, Stanford.Weber@gmail.com, XwJbb00m067ZR4n 
Dayana37, Lloyd.Wilderman@gmail.com, A0pUDxfQoZCdTcr 
Norwood.Rippin, Cathryn_Gislason@yahoo.com, Ocf56etkIJZCHqj 
Ryann.Pfeffer69, Beaulah_Rowe@yahoo.com, Dck9wjL8Es4mSjN 
Vidal_Armstrong, Brisa_Brekke@yahoo.com, D5aALFM_FEESklg 
Frieda49, Owen_Koelpin19@hotmail.com, b7VYpTWdA39lx7o 
Queenie_Kuhlman, Melyna19@yahoo.com, GZVYkR4cL1D7HPV 
Serenity.Swaniawski77, Lucio.Greenholt84@hotmail.com, y6NYjCJlRM5_7Nc 
Brigitte61, Nyah_Shields60@hotmail.com, _Ap9Xg6YcWb1FdO 
Evert61, Harley_Green13@yahoo.com, HIxXm0VPeWuH8uE 
Dina_Schimmel, Dixie_Shields@gmail.com, aZvWklyOkcF914b 
Freda40, Lura98@yahoo.com, K9bGkRhe1aojiDp 
Rubye.Keeling91, Flavio.Oberbrunner45@gmail.com, wYLTM4Q7K92FcaR 
Yvonne3, Daron.Considine71@yahoo.com, D4wOkM_STq_0uSC 
Maxwell.Schulist, Americo.Monahan98@yahoo.com, i0NhEg2fpRlkgJ0 
Enos.Kulas, Bennett_Wisoky99@yahoo.com, _n8ImpfNoOiUFJ_ 
Cruz14, Vinnie_Zboncak58@gmail.com, 0ZFkSvD17tN57xX 
Shane_Kirlin, Clyde_Mueller11@yahoo.com, ilN1U9nw8d9kT0L 
Norberto57, Tara.Gottlieb@yahoo.com, 2uyP6AeQtX99thK 
Elena_Schumm17, Thad_Wehner34@yahoo.com, nzYlOsFsMKv9wD3 
Ibrahim.Funk, Newton_Schmidt90@hotmail.com, qoFrJEPsLZIQCug 
Dedrick63, Simeon_Hilpert-Murazik@yahoo.com, igq57Lqd9Ia3H3z 
Mikel.Stracke, Keanu.Herman@yahoo.com, f9DnmT7NnsoOXEm 
Icie_Hettinger, Eliseo.Schiller34@hotmail.com, 3QllMMeA5xBGXwS 
Hallie.West77, Charlene_Yundt1@gmail.com, cbmhJ3u1FfYOyf4 
Wyman.Rice92, Donnie_White@gmail.com, j7wrJ7UofbQaNPO 
Demarco.Mayer, Dovie_Legros44@gmail.com, OzQ83yWOxLPniAf 
Maxie37, Fiona65@gmail.com, wYHlTmVYlpJEyQ2 
Brooks_Cummings30, Ernesto_Schuster@gmail.com, nsV0gigoh5x5_zu 
Geoffrey.Dickens-Kertzmann39, Jaylen.Lind@hotmail.com, P3Wgwzp4i2BiwlZ 
Cordell96, Roderick86@hotmail.com, M8KNp7s62QvZPBK 
Stuart.Botsford61, Florian_Schulist@hotmail.com, nDfVXutPQNKmZHR 
Nyasia_Bartell, Emerald_Jenkins97@gmail.com, PWIxARRCUhkgdzj 
Orie.Dicki4, Laurine26@yahoo.com, TmIyTlX2vsv3J8T 
Lurline.Barton, Ricky_Heidenreich@yahoo.com, HZ7Cn8NyuLzvZUm 
Kristian63, Richard82@hotmail.com, 0_iXX2ROamW711d 
Raquel81, Caroline_Abshire42@hotmail.com, b9jVC5wF_4WJ5FY 
Aileen54, Abigail_Waters@hotmail.com, bp5rWWqsG9i5Ub1 
Brenda57, Rylee_Welch@yahoo.com, 8NnUFyNDsM4sMLz 
Ken.Schmeler, Julia45@yahoo.com, BbiokJyO2nX0WQ3 
Ola_Kshlerin94, Regan.Streich-McKenzie31@hotmail.com, YFV4BdqTO_s5Szv 
Lance81, Noelia_Romaguera@yahoo.com, QnLUOrMwCLnXDYu 
Myron83, Alexandrea75@yahoo.com, xJrMDNCyxmNfVrC 
Duane_Kovacek-Cruickshank79, Margarett_Senger48@yahoo.com, VrHULaBg2W3h8v8 
Max_Frami5, Jacey29@hotmail.com, ePGwwkoabM9QAr1 
Adam_Langosh, Jace.Considine55@yahoo.com, kQeWWBTVhoBOOvQ 
Lila59, Daphne_Beer35@yahoo.com, hqLf2uutLNH0uMN 
Julio.Kling, Hellen66@hotmail.com, Z1gwvaCnKytkXd8 
Shaun.Predovic-Farrell54, Brandi.Dickens37@yahoo.com, Zq0t3vHgT19cz6c 
Randall4, Matteo67@gmail.com, xXE6EhsYYNYlF9c 
Simone14, Kyla6@yahoo.com, A_NzlH6vKfN6zWu 
Winnifred1, Michale.Weimann21@gmail.com, cnC0TsPlkdpZoTz 
Russel.Haag11, Simone.Sipes68@yahoo.com, Lg0A5SPzrilu3co 
Conner_Leannon27, Christa87@yahoo.com, hORHTYccQnoSzZ4 
Zechariah.Raynor9, Sydnee_Gleichner36@hotmail.com, C0IijomSfXQk2fD 
Lauriane.Bednar, Richard_Schroeder45@hotmail.com, AfTxDc8GRdP1B5j 
Reyes.Corwin, Hermina21@hotmail.com, RmlwCMqX8_hxgNe 
Xavier7, Libby79@hotmail.com, UW1y80X3dnhFGSb 
Emely93, Triston20@yahoo.com, gawGdNo8CAzN8PV 
Florida.Moore55, Corine76@yahoo.com, tXCRrJ9dPvgKp3r 
Kelsie6, Joanne.Barton@gmail.com, WhMqsv_Ef9IT7im 
Iva25, Carolyn_Ullrich51@gmail.com, _iTOuNs3MD8JTqJ 
Mittie83, Thomas.Homenick@hotmail.com, 48lURTuRnNN2NbD 
Raven_Corwin, Kellen_Flatley39@yahoo.com, wYaE4VB_oRhUggD 
Brian.Fadel48, Susanna.Ebert@yahoo.com, hWkAAtEn88TkOnI 
Malinda79, Lenora.Fritsch@yahoo.com, zBApRXI6QoOJdfT 
Oscar32, Lisandro.Kulas@hotmail.com, 298AkHXZsiPwY_Y 
Leonard_Kessler, Genesis.Mann33@hotmail.com, 6veCI4XyzsTby7Z 
Nichole38, Katlynn.Daugherty@hotmail.com, tEijUGnNMRYKrGy 
Charlene_OKon, Marilou.Bergstrom-Kuhic9@gmail.com, lboZb6LbkDOL3v4 
Jenifer_Prohaska93, Reuben_Langworth85@hotmail.com, hHVdFB0jWwkjSzO 
Enoch.MacGyver, Orie.McDermott0@yahoo.com, GECY399PzQUmh7b 
Davin.Gislason, Angelica24@yahoo.com, Gyz0ShWiazxEiFt 
Libbie_Herzog, Jacynthe20@hotmail.com, gaQE2cAN3aYtxGK 
Willie69, Emmett4@hotmail.com, GxFG4ItgjNpMhSH 
Dashawn_Bernhard95, Rory.Reichert@gmail.com, 1Mg80gD1VrwFQb_ 
Fabiola91, Kailyn.Goldner@gmail.com, IeGl04vEe8BKeMw 
Theo64, Mabelle.Prohaska@hotmail.com, SbVJmADzjpnTr_F 
Evans.Crist38, Jerel75@yahoo.com, HOSyO7NxfaQOUBN 
Jaleel65, Magdalena.Wolf@gmail.com, Kk65CjN5u6YQ2oI 
Mafalda_Reichert66, Reuben76@yahoo.com, oFC5Bh4ZWCnjdOm 
Burdette_Gibson, Raven.McLaughlin@gmail.com, IWjH6bzQOuwOQfR 
Gabe72, Marcos47@yahoo.com, trW1lf9VYtA4kSP 
Melvina52, Werner.Davis82@gmail.com, nrWb2Pyi4IzlGQe 
Jaylan_Boyer, Eryn_MacGyver@yahoo.com, BFpZpXKzzKFvvTC 
Kaela_Tremblay, Justina_McCullough-Towne51@gmail.com, YSRt_9rPO8aNM53 
Rhoda_Vandervort, Mitchel_Olson21@yahoo.com, DwmifyVzLoH51dI 
Malika_Schinner, Theodora.Trantow@yahoo.com, cNHBHNjEQEuuATz 
Dave12, Kamron91@gmail.com, Qn6oNwrEinuE3Sd 
Blaze97, Jocelyn89@gmail.com, sYV6iQR9Aza6b6X 
Brenna.Kovacek, Forest_Kertzmann2@gmail.com, azgjVYU6RAP1Hqb 
Mona.Simonis98, Clotilde81@hotmail.com, uv7xEQszwl70a2s 
Blair7, Adalberto_Wilkinson@gmail.com, Q7qm0FDsesndBwJ 
Jared_OConnell-Waelchi, Gerson.Champlin@yahoo.com, BPUj2NvHIvHAyfb 
Mercedes30, Merle_Wisoky89@yahoo.com, j3pfXmNJiem2Pae 
Karolann_Reilly-Auer59, Pablo97@gmail.com, 300Lh_8Ax8pwVtP 
Baron23, Rosalinda_Rice16@yahoo.com, OKt6iwfmyhfX2es 
Adonis.Erdman, Mekhi_Kuphal11@gmail.com, 40yOJDKI7Xq7CAS 
Sierra.Batz, Rex.Grady50@hotmail.com, CeqEFfbqRFWcBcs 
Rory67, Lavinia.Goodwin@yahoo.com, JEubzQSjsJq0KtA 
Melisa_Braun, Piper_Schneider93@yahoo.com, KTFfOmD1pZ9mw3d 
John81, Kamille47@gmail.com, _Hr44jEcv3f8LHe 
Kyla.Wolf37, Lyla.Reynolds7@gmail.com, IJLY4SphDaB9CA4 
Nola_Jacobi, Kimberly.Rowe@hotmail.com, ZFdssZCit5ndCUY 
Audra1, Minerva75@gmail.com, MinAlKiQX7fwb5q 
Orland84, Retha.Quitzon22@yahoo.com, zlWy_FKq0yT0uaK 
Rick.Rolfson, Ezekiel_Sawayn34@hotmail.com, iGX88G9zD5XNziS 
Bryce.Corwin, Jaylen_Gutmann63@gmail.com, K02qwGoNN4xXKA8 
Christina61, Minerva1@yahoo.com, C49CWSw4IJLMBoe 
Vivianne.Lowe1, Mckenna60@gmail.com, YK3e1TtGvxFxMAt 
Dexter_Blanda98, Priscilla43@hotmail.com, cbauj6meqgCEMeb 
Zachary.Schumm, Tod_Mante@gmail.com, elrek8zlXWjd5jm 
Summer22, Elroy.Spencer71@hotmail.com, uhgaltqGuFK9PkB 
Camila_Tremblay, Maureen_Treutel56@hotmail.com, sRWTZRErOXKuzvp 
Isobel_Block31, Jany_Wolf@hotmail.com, cCFCQ4V6Dv36wfG 
Gideon.Pacocha, Ofelia_Gottlieb-Gerhold@hotmail.com, Q6A9KsMwaQFJfX1 
Brittany_Lubowitz, Carmen46@gmail.com, XTrsj22tYUZxdhd 
Eden64, Jazmyn_Nikolaus@gmail.com, Efh1ufHK55KFZuE 
Rosemarie.Quitzon-Klocko66, Murl.Crona@gmail.com, GYdBaPkdzeLNh_t 
Orville84, Jeanette9@yahoo.com, SlSeEATepzf9T5s 
Elyssa_Howe, Jesus.Schmidt@yahoo.com, gBwTwib0U8tt1vM 
Susanna_Gutmann50, Jaylan_Glover-Batz@gmail.com, HkdvZEoPXxGQgf3 
Icie91, Meaghan.Tremblay@hotmail.com, q_vCXyqQ9EIfiD5 
Nestor93, Theodore2@gmail.com, QOz7c74xgH24HK2 
Chaya_Conroy, Shana_Hayes@yahoo.com, DZtqfagbysYyLhy 
Mabelle.Kozey, Consuelo.Ryan@yahoo.com, cGXW5IaWqFhX5Nz 
Schuyler_Bauch, Bailey.OReilly@hotmail.com, zI4SWSqLqMLDy_e 
Augustus_Larkin, Mekhi17@yahoo.com, 5GcbpGivp3K2i6X 
Morris.Grimes96, Fern39@yahoo.com, pxme3nYdOdCFbP2 
Jules1, Rodger97@yahoo.com, v9kGlphMqIsOPfa 
Elfrieda_Hickle, Kailey_Green@gmail.com, TLsFru4_Dq0535C 
Harold.Mann2, Hector_Hammes66@hotmail.com, NzlfE6xc4ndz3uQ 
Monte.Schneider, Edwina.Ortiz@yahoo.com, uittIwtpN1bg9W8 
Tina_Skiles12, Geo_Von@hotmail.com, kIo1lblF5Cu9v8K 
Cole97, Norene30@hotmail.com, sDgo_IajWtHtzCP 
Regan_Harber, Alessandra.Schaden21@gmail.com, 4RRp3WfElE5klA6 
Jedidiah.Jacobs, Dewayne63@gmail.com, kh_9Cn0wOiTlfND 
Taurean53, Luna19@hotmail.com, 72qHTAC1U_IOJeF 
Freida17, Nicole.Kassulke10@gmail.com, D8PgTW85Du1tZk2 
Anita_Mraz1, Chandler_OReilly95@gmail.com, daAHTwwu7TYZYkA 
